label	plist	programs	exists
jp.openclaw.agent_map_server	/Users/doyopc/Library/LaunchAgents/jp.openclaw.agent_map_server.plist	/Users/doyopc/AI/openclaw-factory-daemon/scripts/generated/run_agent_map_server.sh|/Users/doyopc/AI/openclaw-factory-daemon/logs/agent_map_server.out|/Users/doyopc/AI/openclaw-factory-daemon/logs/agent_map_server.err	1|1|1
jp.openclaw.ai_ceo_engine	/Users/doyopc/Library/LaunchAgents/jp.openclaw.ai_ceo_engine.plist	/Users/doyopc/AI/openclaw-factory-daemon/scripts/run_ai_ceo_engine.sh|/Users/doyopc/AI/openclaw-factory-daemon/logs/ai_ceo_engine.launchd.out|/Users/doyopc/AI/openclaw-factory-daemon/logs/ai_ceo_engine.launchd.err	0|0|1
jp.openclaw.ai_employee_factory	/Users/doyopc/Library/LaunchAgents/jp.openclaw.ai_employee_factory.plist	/Users/doyopc/AI/openclaw-factory-daemon/scripts/run_ai_employee_factory.sh|/Users/doyopc/AI/openclaw-factory-daemon/logs/ai_employee_factory.launchd.out|/Users/doyopc/AI/openclaw-factory-daemon/logs/ai_employee_factory.launchd.err	0|0|1
jp.openclaw.ai_employee_loop_v1	/Users/doyopc/Library/LaunchAgents/jp.openclaw.ai_employee_loop_v1.plist	/Users/doyopc/AI/openclaw-factory-daemon/bots/ai_employee_loop_v1.py	0
jp.openclaw.ai_meeting_digest_v1	/Users/doyopc/Library/LaunchAgents/jp.openclaw.ai_meeting_digest_v1.plist	/Users/doyopc/AI/openclaw-factory-daemon/scripts/run_ai_meeting_digest_v1.sh|/Users/doyopc/AI/openclaw-factory-daemon/logs/ai_meeting_digest_v1.launchd.err|/Users/doyopc/AI/openclaw-factory-daemon/logs/ai_meeting_digest_v1.launchd.out	0|1|1
jp.openclaw.ai_meeting_engine	/Users/doyopc/Library/LaunchAgents/jp.openclaw.ai_meeting_engine.plist	/Users/doyopc/AI/openclaw-factory-daemon/scripts/run_ai_meeting_engine.sh|/Users/doyopc/AI/openclaw-factory-daemon/logs/ai_meeting_engine.launchd.out|/Users/doyopc/AI/openclaw-factory-daemon/logs/ai_meeting_engine.launchd.err	0|1|1
jp.openclaw.api_server	/Users/doyopc/Library/LaunchAgents/jp.openclaw.api_server.plist	/Users/doyopc/AI/openclaw-factory-daemon/scripts/run_api_server.sh|/Users/doyopc/AI/openclaw-factory-daemon/logs/api_server.out|/Users/doyopc/AI/openclaw-factory-daemon/logs/api_server.err	1|1|1
jp.openclaw.auto_execute_now_v1	/Users/doyopc/Library/LaunchAgents/jp.openclaw.auto_execute_now_v1.plist	/Users/doyopc/AI/openclaw-factory-daemon/scripts/run_auto_execute_now_v1.sh|/Users/doyopc/AI/openclaw-factory-daemon/logs/auto_execute_now_v1.launchd.out|/Users/doyopc/AI/openclaw-factory-daemon/logs/auto_execute_now_v1.launchd.err	0|0|0
jp.openclaw.auto_skill_builder_v1	/Users/doyopc/Library/LaunchAgents/jp.openclaw.auto_skill_builder_v1.plist	/Users/doyopc/AI/openclaw-factory-daemon/bots/auto_skill_builder_v1.py	0
jp.openclaw.auto_skill_feedback_v1	/Users/doyopc/Library/LaunchAgents/jp.openclaw.auto_skill_feedback_v1.plist	/Users/doyopc/AI/openclaw-factory-daemon/bots/auto_skill_feedback_v1.py|/Users/doyopc/AI/openclaw-factory-daemon/logs/auto_skill_feedback_v1.out|/Users/doyopc/AI/openclaw-factory-daemon/logs/auto_skill_feedback_v1.err	0|1|1
jp.openclaw.auto_skill_live_feedback_v1	/Users/doyopc/Library/LaunchAgents/jp.openclaw.auto_skill_live_feedback_v1.plist	/Users/doyopc/AI/openclaw-factory-daemon/bots/auto_skill_live_feedback_v1.py|/Users/doyopc/AI/openclaw-factory-daemon/logs/auto_skill_live_feedback_v1.out|/Users/doyopc/AI/openclaw-factory-daemon/logs/auto_skill_live_feedback_v1.err	0|1|1
jp.openclaw.auto_skill_optimizer_v1	/Users/doyopc/Library/LaunchAgents/jp.openclaw.auto_skill_optimizer_v1.plist	/Users/doyopc/AI/openclaw-factory-daemon/bots/auto_skill_optimizer_v1.py|/Users/doyopc/AI/openclaw-factory-daemon/logs/auto_skill_optimizer_v1.out|/Users/doyopc/AI/openclaw-factory-daemon/logs/auto_skill_optimizer_v1.err	0|1|1
jp.openclaw.auto_skill_router_v1	/Users/doyopc/Library/LaunchAgents/jp.openclaw.auto_skill_router_v1.plist	/Users/doyopc/AI/openclaw-factory-daemon/bots/auto_skill_router_v1.py|/Users/doyopc/AI/openclaw-factory-daemon/logs/auto_skill_router_v1.out|/Users/doyopc/AI/openclaw-factory-daemon/logs/auto_skill_router_v1.err	0|1|1
jp.openclaw.autoagent_executor_v1	/Users/doyopc/Library/LaunchAgents/jp.openclaw.autoagent_executor_v1.plist	/Users/doyopc/AI/openclaw-factory-daemon/scripts/run_autoagent_executor_v1.sh|/Users/doyopc/AI/openclaw-factory-daemon/logs/autoagent_executor_v1.out|/Users/doyopc/AI/openclaw-factory-daemon/logs/autoagent_executor_v1.err	0|1|1
jp.openclaw.autoagent_mothership_loop_v1	/Users/doyopc/Library/LaunchAgents/jp.openclaw.autoagent_mothership_loop_v1.plist	/Users/doyopc/AI/openclaw-factory-daemon/scripts/run_autoagent_mothership_loop.sh|/Users/doyopc/AI/openclaw-factory-daemon/logs/autoagent_mothership_loop_v1.out|/Users/doyopc/AI/openclaw-factory-daemon/logs/autoagent_mothership_loop_v1.err	0|1|1
jp.openclaw.business_engine	/Users/doyopc/Library/LaunchAgents/jp.openclaw.business_engine.plist	/Users/doyopc/AI/openclaw-factory-daemon/scripts/run_business_engine.sh|/Users/doyopc/AI/openclaw-factory-daemon/logs/business_engine.launchd.out|/Users/doyopc/AI/openclaw-factory-daemon/logs/business_engine.launchd.err	0|0|0
jp.openclaw.business_sample_watcher_v1	/Users/doyopc/Library/LaunchAgents/jp.openclaw.business_sample_watcher_v1.plist	/Users/doyopc/AI/openclaw-factory-daemon/scripts/run_business_sample_watcher_v1.sh|/Users/doyopc/AI/openclaw-factory-daemon/logs/business_sample_watcher_v1.out|/Users/doyopc/AI/openclaw-factory-daemon/logs/business_sample_watcher_v1.err	0|1|1
jp.openclaw.capability_autobuilder_feedback_v1	/Users/doyopc/Library/LaunchAgents/jp.openclaw.capability_autobuilder_feedback_v1.plist	/Users/doyopc/AI/openclaw-factory-daemon/bots/capability_autobuilder_feedback_v1.py|/Users/doyopc/AI/openclaw-factory-daemon/logs/capability_autobuilder_feedback_v1.out|/Users/doyopc/AI/openclaw-factory-daemon/logs/capability_autobuilder_feedback_v1.err	0|1|1
jp.openclaw.capability_autobuilder_optimizer_v1	/Users/doyopc/Library/LaunchAgents/jp.openclaw.capability_autobuilder_optimizer_v1.plist	/Users/doyopc/AI/openclaw-factory-daemon/bots/capability_autobuilder_optimizer_v1.py|/Users/doyopc/AI/openclaw-factory-daemon/logs/capability_autobuilder_optimizer_v1.out|/Users/doyopc/AI/openclaw-factory-daemon/logs/capability_autobuilder_optimizer_v1.err	0|1|1
jp.openclaw.capability_autobuilder_v1	/Users/doyopc/Library/LaunchAgents/jp.openclaw.capability_autobuilder_v1.plist	/Users/doyopc/AI/openclaw-factory-daemon/bots/capability_autobuilder_v1.py|/Users/doyopc/AI/openclaw-factory-daemon/logs/capability_autobuilder_v1.out|/Users/doyopc/AI/openclaw-factory-daemon/logs/capability_autobuilder_v1.err	0|1|1
jp.openclaw.capability_registry_sync_loop_v1	/Users/doyopc/Library/LaunchAgents/jp.openclaw.capability_registry_sync_loop_v1.plist	/Users/doyopc/AI/openclaw-factory-daemon/bots/capability_registry_sync_loop_v1.py|/Users/doyopc/AI/openclaw-factory-daemon/logs/capability_registry_sync_loop_v1.out|/Users/doyopc/AI/openclaw-factory-daemon/logs/capability_registry_sync_loop_v1.err	0|1|1
jp.openclaw.capability_watchdog_healer_v1	/Users/doyopc/Library/LaunchAgents/jp.openclaw.capability_watchdog_healer_v1.plist	/Users/doyopc/AI/openclaw-factory-daemon/bots/capability_watchdog_healer_v1.py|/Users/doyopc/AI/openclaw-factory-daemon/logs/capability_watchdog_healer_v1.out|/Users/doyopc/AI/openclaw-factory-daemon/logs/capability_watchdog_healer_v1.err	0|1|1
jp.openclaw.capability_watchdog_repair_chain_planner_v1	/Users/doyopc/Library/LaunchAgents/jp.openclaw.capability_watchdog_repair_chain_planner_v1.plist	/Users/doyopc/AI/openclaw-factory-daemon/bots/capability_watchdog_repair_chain_planner_v1.py|/Users/doyopc/AI/openclaw-factory-daemon/logs/capability_watchdog_repair_chain_planner_v1.out|/Users/doyopc/AI/openclaw-factory-daemon/logs/capability_watchdog_repair_chain_planner_v1.err	0|1|1
jp.openclaw.capability_watchdog_repair_planner_v1	/Users/doyopc/Library/LaunchAgents/jp.openclaw.capability_watchdog_repair_planner_v1.plist	/Users/doyopc/AI/openclaw-factory-daemon/bots/capability_watchdog_repair_planner_v1.py|/Users/doyopc/AI/openclaw-factory-daemon/logs/capability_watchdog_repair_planner_v1.out|/Users/doyopc/AI/openclaw-factory-daemon/logs/capability_watchdog_repair_planner_v1.err	0|1|1
jp.openclaw.capability_watchdog_v1	/Users/doyopc/Library/LaunchAgents/jp.openclaw.capability_watchdog_v1.plist	/Users/doyopc/AI/openclaw-factory-daemon/bots/capability_watchdog_v1.py|/Users/doyopc/AI/openclaw-factory-daemon/logs/capability_watchdog_v1.out|/Users/doyopc/AI/openclaw-factory-daemon/logs/capability_watchdog_v1.err	0|1|1
jp.openclaw.ceo_revenue_mode_v1	/Users/doyopc/Library/LaunchAgents/jp.openclaw.ceo_revenue_mode_v1.plist	/Users/doyopc/AI/openclaw-factory-daemon/bots/ceo_revenue_mode_v1.py|/Users/doyopc/AI/openclaw-factory-daemon/logs/ceo_revenue_mode_v1.out|/Users/doyopc/AI/openclaw-factory-daemon/logs/ceo_revenue_mode_v1.err	0|1|1
jp.openclaw.chat_research_v1	/Users/doyopc/Library/LaunchAgents/jp.openclaw.chat_research_v1.plist	/Users/doyopc/AI/openclaw-factory-daemon/scripts/run_chat_research_v1.sh	0
jp.openclaw.chat_to_proposal_v1	/Users/doyopc/Library/LaunchAgents/jp.openclaw.chat_to_proposal_v1.plist	/Users/doyopc/AI/openclaw-factory-daemon/scripts/run_chat_to_proposal_v1.sh|/Users/doyopc/AI/openclaw-factory-daemon/logs/chat_to_proposal_v1.launchd.out|/Users/doyopc/AI/openclaw-factory-daemon/logs/chat_to_proposal_v1.launchd.err	0|1|1
jp.openclaw.cluster_bias_refresh_v1	/Users/doyopc/Library/LaunchAgents/jp.openclaw.cluster_bias_refresh_v1.plist	/Users/doyopc/AI/openclaw-factory-daemon/scripts/cluster_bias_refresh_loop.sh|/Users/doyopc/AI/openclaw-factory-daemon/logs/cluster_bias_refresh.launchd.out|/Users/doyopc/AI/openclaw-factory-daemon/logs/cluster_bias_refresh.launchd.err	1|1|1
jp.openclaw.code_review_engine	/Users/doyopc/Library/LaunchAgents/jp.openclaw.code_review_engine.plist	/Users/doyopc/AI/openclaw-factory-daemon/scripts/run_code_review_engine.sh|/Users/doyopc/AI/openclaw-factory-daemon/logs/code_review_engine.launchd.out|/Users/doyopc/AI/openclaw-factory-daemon/logs/code_review_engine.launchd.err	0|1|1
jp.openclaw.codebase_reuse_router_v1	/Users/doyopc/Library/LaunchAgents/jp.openclaw.codebase_reuse_router_v1.plist	/Users/doyopc/AI/openclaw-factory-daemon/bots/codebase_reuse_router_v1.py	0
jp.openclaw.command_apply_daemon_v1	/Users/doyopc/Library/LaunchAgents/jp.openclaw.command_apply_daemon_v1.plist	/Users/doyopc/AI/openclaw-factory-daemon/scripts/run_command_apply_daemon_v1.sh|/Users/doyopc/AI/openclaw-factory-daemon/logs/jp.openclaw.command_apply_daemon_v1.launchd.err|/Users/doyopc/AI/openclaw-factory-daemon/logs/jp.openclaw.command_apply_daemon_v1.launchd.out	0|1|1
jp.openclaw.company_health_score_v1	/Users/doyopc/Library/LaunchAgents/jp.openclaw.company_health_score_v1.plist	/Users/doyopc/AI/openclaw-factory-daemon/scripts/run_company_health_score_v1.sh|/Users/doyopc/AI/openclaw-factory-daemon/logs/company_health_score_v1.launchd.out|/Users/doyopc/AI/openclaw-factory-daemon/logs/company_health_score_v1.launchd.err	0|1|1
jp.openclaw.daemon	/Users/doyopc/Library/LaunchAgents/jp.openclaw.daemon.plist	/Users/doyopc/AI/openclaw-factory-daemon/scripts/run_daemon.sh|/Users/doyopc/AI/openclaw-factory-daemon/logs/daemon.launchd.out|/Users/doyopc/AI/openclaw-factory-daemon/logs/daemon.launchd.err	1|0|0
jp.openclaw.db_integrity_watchdog_v1	/Users/doyopc/Library/LaunchAgents/jp.openclaw.db_integrity_watchdog_v1.plist	/Users/doyopc/AI/openclaw-factory-daemon/scripts/run_db_integrity_watchdog_v1.sh|/Users/doyopc/AI/openclaw-factory-daemon/logs/jp.openclaw.db_integrity_watchdog_v1.launchd.err|/Users/doyopc/AI/openclaw-factory-daemon/logs/jp.openclaw.db_integrity_watchdog_v1.launchd.out	1|1|1
jp.openclaw.db_lock_watchdog_v1	/Users/doyopc/Library/LaunchAgents/jp.openclaw.db_lock_watchdog_v1.plist	/Users/doyopc/AI/openclaw-factory-daemon/scripts/run_db_lock_watchdog_v1.sh|/Users/doyopc/AI/openclaw-factory-daemon/logs/jp.openclaw.db_lock_watchdog_v1.err|/Users/doyopc/AI/openclaw-factory-daemon/logs/jp.openclaw.db_lock_watchdog_v1.out	0|1|1
jp.openclaw.dev_command_executor_v1	/Users/doyopc/Library/LaunchAgents/jp.openclaw.dev_command_executor_v1.plist	/Users/doyopc/AI/openclaw-factory-daemon/scripts/run_dev_command_executor_v1.sh|/Users/doyopc/AI/openclaw-factory-daemon/logs/jp.openclaw.dev_command_executor_v1.launchd.err|/Users/doyopc/AI/openclaw-factory-daemon/logs/jp.openclaw.dev_command_executor_v1.launchd.out	0|1|1
jp.openclaw.dev_meeting_telegram_bridge_v1	/Users/doyopc/Library/LaunchAgents/jp.openclaw.dev_meeting_telegram_bridge_v1.plist	/Users/doyopc/AI/openclaw-factory-daemon/scripts/run_dev_meeting_telegram_bridge_v1.sh|/Users/doyopc/AI/openclaw-factory-daemon/logs/dev_meeting_telegram_bridge_v1.launchd.err|/Users/doyopc/AI/openclaw-factory-daemon/logs/dev_meeting_telegram_bridge_v1.launchd.out	0|1|1
jp.openclaw.dev_merge_notify_v1	/Users/doyopc/Library/LaunchAgents/jp.openclaw.dev_merge_notify_v1.plist	/Users/doyopc/AI/openclaw-factory-daemon/scripts/run_dev_merge_notify_v1.sh|/Users/doyopc/AI/openclaw-factory-daemon/logs/jp.openclaw.dev_merge_notify_v1.launchd.err|/Users/doyopc/AI/openclaw-factory-daemon/logs/jp.openclaw.dev_merge_notify_v1.launchd.out	0|1|1
jp.openclaw.dev_pr_creator_v1	/Users/doyopc/Library/LaunchAgents/jp.openclaw.dev_pr_creator_v1.plist	/Users/doyopc/AI/openclaw-factory-daemon/scripts/run_dev_pr_creator_v1.sh|/Users/doyopc/AI/openclaw-factory-daemon/logs/dev_pr_creator_v1.launchd.out|/Users/doyopc/AI/openclaw-factory-daemon/logs/dev_pr_creator_v1.launchd.err	0|1|1
jp.openclaw.dev_pr_watcher_v1	/Users/doyopc/Library/LaunchAgents/jp.openclaw.dev_pr_watcher_v1.plist	/Users/doyopc/AI/openclaw-factory-daemon/scripts/run_dev_pr_watcher_v1.sh|/Users/doyopc/AI/openclaw-factory-daemon/logs/dev_pr_watcher_v1.launchd.out|/Users/doyopc/AI/openclaw-factory-daemon/logs/dev_pr_watcher_v1.launchd.err	0|1|1
jp.openclaw.dev_proposal_notify_v1	/Users/doyopc/Library/LaunchAgents/jp.openclaw.dev_proposal_notify_v1.plist	/Users/doyopc/AI/openclaw-factory-daemon/scripts/run_dev_proposal_notify_v1.sh|/Users/doyopc/AI/openclaw-factory-daemon/logs/dev_proposal_notify_v1.launchd.out|/Users/doyopc/AI/openclaw-factory-daemon/logs/dev_proposal_notify_v1.launchd.err	0|1|1
jp.openclaw.dev_router_v1	/Users/doyopc/Library/LaunchAgents/jp.openclaw.dev_router_v1.plist	/Users/doyopc/AI/openclaw-factory-daemon/scripts/run_dev_router_v1.sh|/Users/doyopc/AI/openclaw-factory-daemon/logs/dev_router_v1.launchd.out|/Users/doyopc/AI/openclaw-factory-daemon/logs/dev_router_v1.launchd.err	0|1|1
jp.openclaw.event_notify_v1	/Users/doyopc/Library/LaunchAgents/jp.openclaw.event_notify_v1.plist	/Users/doyopc/AI/openclaw-factory-daemon/scripts/run_event_notify_v1.sh|/Users/doyopc/AI/openclaw-factory-daemon/logs/event_notify_v1.launchd.out|/Users/doyopc/AI/openclaw-factory-daemon/logs/event_notify_v1.launchd.err	0|0|0
jp.openclaw.executor_audit_v1	/Users/doyopc/Library/LaunchAgents/jp.openclaw.executor_audit_v1.plist	/Users/doyopc/AI/openclaw-factory-daemon/scripts/run_executor_audit_v1.sh|/Users/doyopc/AI/openclaw-factory-daemon/logs/executor_audit_v1.out|/Users/doyopc/AI/openclaw-factory-daemon/logs/executor_audit_v1.err	0|1|1
jp.openclaw.executor_guard_v2	/Users/doyopc/Library/LaunchAgents/jp.openclaw.executor_guard_v2.plist	/Users/doyopc/AI/openclaw-factory-daemon/scripts/run_executor_guard_v2.sh|/Users/doyopc/AI/openclaw-factory-daemon/logs/jp.openclaw.executor_guard_v2.launchd.err|/Users/doyopc/AI/openclaw-factory-daemon/logs/jp.openclaw.executor_guard_v2.launchd.out	0|1|1
jp.openclaw.focus3_exec_bridge_v1	/Users/doyopc/Library/LaunchAgents/jp.openclaw.focus3_exec_bridge_v1.plist	/Users/doyopc/AI/openclaw-factory-daemon/.venv/bin/python|/Users/doyopc/AI/openclaw-factory-daemon/bots/focus3_exec_bridge_v1.py|/Users/doyopc/AI/openclaw-factory-daemon/logs/focus3_exec_bridge_v1.out|/Users/doyopc/AI/openclaw-factory-daemon/logs/focus3_exec_bridge_v1.err	1|1|1|1
jp.openclaw.focus3_judge_v1	/Users/doyopc/Library/LaunchAgents/jp.openclaw.focus3_judge_v1.plist	/Users/doyopc/AI/openclaw-factory-daemon/scripts/generated/run_focus3_judge_v1.sh|/Users/doyopc/AI/openclaw-factory-daemon/logs/focus3_judge_v1.out|/Users/doyopc/AI/openclaw-factory-daemon/logs/focus3_judge_v1.err	1|1|1
jp.openclaw.ingest_private_replies_kaikun04	/Users/doyopc/Library/LaunchAgents/jp.openclaw.ingest_private_replies_kaikun04.plist	/Users/doyopc/AI/openclaw-factory-daemon/scripts/run_ingest_private_replies_kaikun04.sh|/Users/doyopc/AI/openclaw-factory-daemon/logs/jp.openclaw.ingest_private_replies_kaikun04.launchd.out|/Users/doyopc/AI/openclaw-factory-daemon/logs/jp.openclaw.ingest_private_replies_kaikun04.launchd.err	1|1|1
jp.openclaw.innovation_engine	/Users/doyopc/Library/LaunchAgents/jp.openclaw.innovation_engine.plist	/Users/doyopc/AI/openclaw-factory-daemon/scripts/run_innovation_engine.sh|/Users/doyopc/AI/openclaw-factory-daemon/logs/innovation_engine.launchd.out|/Users/doyopc/AI/openclaw-factory-daemon/logs/innovation_engine.launchd.err	0|0|0
jp.openclaw.innovation_engine_v1	/Users/doyopc/Library/LaunchAgents/jp.openclaw.innovation_engine_v1.plist	/Users/doyopc/AI/openclaw-factory-daemon/bots/innovation_engine_v1.py|/Users/doyopc/AI/openclaw-factory-daemon/logs/innovation_engine_v1.out|/Users/doyopc/AI/openclaw-factory-daemon/logs/innovation_engine_v1.err	0|1|1
jp.openclaw.kaikun02_router_cleanup_v1	/Users/doyopc/Library/LaunchAgents/jp.openclaw.kaikun02_router_cleanup_v1.plist	/Users/doyopc/AI/openclaw-factory-daemon/scripts/run_kaikun02_router_cleanup_v1.sh|/Users/doyopc/AI/openclaw-factory-daemon/logs/kaikun02_router_cleanup_v1.out|/Users/doyopc/AI/openclaw-factory-daemon/logs/kaikun02_router_cleanup_v1.err	0|1|1
jp.openclaw.kaikun04_capability_router_v1	/Users/doyopc/Library/LaunchAgents/jp.openclaw.kaikun04_capability_router_v1.plist	/Users/doyopc/AI/openclaw-factory-daemon/bots/kaikun04_capability_router_v1.py|/Users/doyopc/AI/openclaw-factory-daemon/logs/kaikun04_capability_router_v1.err|/Users/doyopc/AI/openclaw-factory-daemon/logs/kaikun04_capability_router_v1.out	0|1|1
jp.openclaw.kaikun04_chain_feedback_v1	/Users/doyopc/Library/LaunchAgents/jp.openclaw.kaikun04_chain_feedback_v1.plist	/Users/doyopc/AI/openclaw-factory-daemon/bots/kaikun04_chain_feedback_v1.py|/Users/doyopc/AI/openclaw-factory-daemon/logs/kaikun04_chain_feedback_v1.out|/Users/doyopc/AI/openclaw-factory-daemon/logs/kaikun04_chain_feedback_v1.err	0|1|1
jp.openclaw.kaikun04_chain_planner_v1	/Users/doyopc/Library/LaunchAgents/jp.openclaw.kaikun04_chain_planner_v1.plist	/Users/doyopc/AI/openclaw-factory-daemon/bots/kaikun04_chain_planner_v1.py|/Users/doyopc/AI/openclaw-factory-daemon/logs/kaikun04_chain_planner_v1.out|/Users/doyopc/AI/openclaw-factory-daemon/logs/kaikun04_chain_planner_v1.err	0|1|1
jp.openclaw.kaikun04_context_priority_router_v1	/Users/doyopc/Library/LaunchAgents/jp.openclaw.kaikun04_context_priority_router_v1.plist	/Users/doyopc/AI/openclaw-factory-daemon/bots/kaikun04_context_priority_router_v1.py|/Users/doyopc/AI/openclaw-factory-daemon/logs/kaikun04_context_priority_router_v1.out|/Users/doyopc/AI/openclaw-factory-daemon/logs/kaikun04_context_priority_router_v1.err	0|1|1
jp.openclaw.kaikun04_context_priority_router_v2	/Users/doyopc/Library/LaunchAgents/jp.openclaw.kaikun04_context_priority_router_v2.plist	/Users/doyopc/AI/openclaw-factory-daemon/bots/kaikun04_context_priority_router_v2.py|/Users/doyopc/AI/openclaw-factory-daemon/logs/kaikun04_context_priority_router_v2.out|/Users/doyopc/AI/openclaw-factory-daemon/logs/kaikun04_context_priority_router_v2.err	0|1|1
jp.openclaw.kaikun04_exec_bridge_v1	/Users/doyopc/Library/LaunchAgents/jp.openclaw.kaikun04_exec_bridge_v1.plist	/Users/doyopc/AI/openclaw-factory-daemon/scripts/run_kaikun04_exec_bridge_v1.sh|/Users/doyopc/AI/openclaw-factory-daemon/logs/kaikun04_exec_bridge_v1.out|/Users/doyopc/AI/openclaw-factory-daemon/logs/kaikun04_exec_bridge_v1.err	1|1|1
jp.openclaw.kaikun04_orchestrator_planner_v1	/Users/doyopc/Library/LaunchAgents/jp.openclaw.kaikun04_orchestrator_planner_v1.plist	/Users/doyopc/AI/openclaw-factory-daemon/bots/kaikun04_orchestrator_planner_v1.py|/Users/doyopc/AI/openclaw-factory-daemon/logs/kaikun04_orchestrator_planner_v1.out|/Users/doyopc/AI/openclaw-factory-daemon/logs/kaikun04_orchestrator_planner_v1.err	0|1|1
jp.openclaw.kaikun04_orchestrator_stage_executor_v1	/Users/doyopc/Library/LaunchAgents/jp.openclaw.kaikun04_orchestrator_stage_executor_v1.plist	/Users/doyopc/AI/openclaw-factory-daemon/bots/kaikun04_orchestrator_stage_executor_v1.py|/Users/doyopc/AI/openclaw-factory-daemon/logs/kaikun04_orchestrator_stage_executor_v1.out|/Users/doyopc/AI/openclaw-factory-daemon/logs/kaikun04_orchestrator_stage_executor_v1.err	0|1|1
jp.openclaw.kaikun04_orchestrator_stage_feedback_v1	/Users/doyopc/Library/LaunchAgents/jp.openclaw.kaikun04_orchestrator_stage_feedback_v1.plist	/Users/doyopc/AI/openclaw-factory-daemon/bots/kaikun04_orchestrator_stage_feedback_v1.py|/Users/doyopc/AI/openclaw-factory-daemon/logs/kaikun04_orchestrator_stage_feedback_v1.out|/Users/doyopc/AI/openclaw-factory-daemon/logs/kaikun04_orchestrator_stage_feedback_v1.err	0|1|1
jp.openclaw.kaikun04_route_finisher_v1	/Users/doyopc/Library/LaunchAgents/jp.openclaw.kaikun04_route_finisher_v1.plist	/Users/doyopc/AI/openclaw-factory-daemon/bots/kaikun04_route_finisher_v1.py|/Users/doyopc/AI/openclaw-factory-daemon/logs/kaikun04_route_finisher_v1.out|/Users/doyopc/AI/openclaw-factory-daemon/logs/kaikun04_route_finisher_v1.err	0|1|1
jp.openclaw.kaikun04_router_cleanup_v1	/Users/doyopc/Library/LaunchAgents/jp.openclaw.kaikun04_router_cleanup_v1.plist	/Users/doyopc/AI/openclaw-factory-daemon/scripts/run_kaikun04_router_cleanup_v1.sh|/Users/doyopc/AI/openclaw-factory-daemon/logs/kaikun04_router_cleanup_v1.out|/Users/doyopc/AI/openclaw-factory-daemon/logs/kaikun04_router_cleanup_v1.err	0|1|1
jp.openclaw.kaikun04_router_worker_v1	/Users/doyopc/Library/LaunchAgents/jp.openclaw.kaikun04_router_worker_v1.plist	/Users/doyopc/AI/openclaw-factory-daemon/scripts/run_kaikun04_router_worker_v1.sh	1
jp.openclaw.kaikun04_routing_summary_reporter_loop_v1	/Users/doyopc/Library/LaunchAgents/jp.openclaw.kaikun04_routing_summary_reporter_loop_v1.plist	/Users/doyopc/AI/openclaw-factory-daemon/bots/kaikun04_routing_summary_reporter_loop_v1.py|/Users/doyopc/AI/openclaw-factory-daemon/logs/kaikun04_routing_summary_reporter_loop_v1.out|/Users/doyopc/AI/openclaw-factory-daemon/logs/kaikun04_routing_summary_reporter_loop_v1.err	0|1|1
jp.openclaw.kaikun04_watchdog_v1	/Users/doyopc/Library/LaunchAgents/jp.openclaw.kaikun04_watchdog_v1.plist	/Users/doyopc/AI/openclaw-factory-daemon/data/skill_repos/agent-framework/python/.venv/bin/python|/Users/doyopc/AI/openclaw-factory-daemon/bots/kaikun04_watchdog_v1.py|/Users/doyopc/AI/openclaw-factory-daemon/logs/kaikun04_watchdog_v1.out|/Users/doyopc/AI/openclaw-factory-daemon/logs/kaikun04_watchdog_v1.err	1|0|1|1
jp.openclaw.learning_brain_v1	/Users/doyopc/Library/LaunchAgents/jp.openclaw.learning_brain_v1.plist	/Users/doyopc/AI/openclaw-factory-daemon/scripts/run_learning_brain_v1.sh|/Users/doyopc/AI/openclaw-factory-daemon/logs/learning_brain_v1.launchd.out|/Users/doyopc/AI/openclaw-factory-daemon/logs/learning_brain_v1.launchd.err	0|1|1
jp.openclaw.learning_pattern_engine	/Users/doyopc/Library/LaunchAgents/jp.openclaw.learning_pattern_engine.plist	/Users/doyopc/AI/openclaw-factory-daemon/scripts/run_learning_pattern_engine.sh|/Users/doyopc/AI/openclaw-factory-daemon/logs/learning_pattern_engine.launchd.out|/Users/doyopc/AI/openclaw-factory-daemon/logs/learning_pattern_engine.launchd.err	0|0|0
jp.openclaw.log_rotate_safe_v1	/Users/doyopc/Library/LaunchAgents/jp.openclaw.log_rotate_safe_v1.plist	/Users/doyopc/AI/openclaw-factory-daemon/logs/log_rotate_safe.launchd.out|/Users/doyopc/AI/openclaw-factory-daemon/logs/log_rotate_safe.launchd.err	1|1
jp.openclaw.lp_autopilot_v1	/Users/doyopc/Library/LaunchAgents/jp.openclaw.lp_autopilot_v1.plist	/Users/doyopc/AI/openclaw-factory-daemon/scripts/generated/lp_autopilot_v1.sh|/Users/doyopc/AI/openclaw-factory-daemon/logs/lp_autopilot_v1.out|/Users/doyopc/AI/openclaw-factory-daemon/logs/lp_autopilot_v1.err	1|1|1
jp.openclaw.mainstream_supply	/Users/doyopc/Library/LaunchAgents/jp.openclaw.mainstream_supply.plist	/Users/doyopc/AI/openclaw-factory-daemon/scripts/run_mainstream_supply.sh|/Users/doyopc/AI/openclaw-factory-daemon/logs/mainstream_supply.launchd.err|/Users/doyopc/AI/openclaw-factory-daemon/logs/mainstream_supply.launchd.out	0|1|1
jp.openclaw.market_brain_v1	/Users/doyopc/Library/LaunchAgents/jp.openclaw.market_brain_v1.plist	/Users/doyopc/AI/openclaw-factory-daemon/scripts/run_market_brain_v1.sh	0
jp.openclaw.meeting_orchestrator_v1	/Users/doyopc/Library/LaunchAgents/jp.openclaw.meeting_orchestrator_v1.plist	/Users/doyopc/AI/openclaw-factory-daemon/scripts/run_meeting_orchestrator_v1.sh|/Users/doyopc/AI/openclaw-factory-daemon/logs/meeting_orchestrator_v1.out|/Users/doyopc/AI/openclaw-factory-daemon/logs/meeting_orchestrator_v1.err	0|1|1
jp.openclaw.money_learning_v1	/Users/doyopc/Library/LaunchAgents/jp.openclaw.money_learning_v1.plist	/Users/doyopc/AI/openclaw-factory-daemon/scripts/generated/run_money_learning_v1.sh|/Users/doyopc/AI/openclaw-factory-daemon/logs/money_learning_v1.out|/Users/doyopc/AI/openclaw-factory-daemon/logs/money_learning_v1.err	1|1|1
jp.openclaw.money_loop_v1	/Users/doyopc/Library/LaunchAgents/jp.openclaw.money_loop_v1.plist	/Users/doyopc/AI/openclaw-factory-daemon/scripts/generated/run_money_loop_v1.sh|/Users/doyopc/AI/openclaw-factory-daemon/logs/money_loop_v1.out|/Users/doyopc/AI/openclaw-factory-daemon/logs/money_loop_v1.err	1|1|1
jp.openclaw.open_pr_guard_v1	/Users/doyopc/Library/LaunchAgents/jp.openclaw.open_pr_guard_v1.plist	/Users/doyopc/AI/openclaw-factory-daemon/scripts/run_open_pr_guard_v1.sh|/Users/doyopc/AI/openclaw-factory-daemon/logs/open_pr_guard_v1.err|/Users/doyopc/AI/openclaw-factory-daemon/logs/open_pr_guard_v1.out	0|1|1
jp.openclaw.ops_brain_agent_v1	/Users/doyopc/Library/LaunchAgents/jp.openclaw.ops_brain_agent_v1.plist		
jp.openclaw.ops_brain_watcher_v1	/Users/doyopc/Library/LaunchAgents/jp.openclaw.ops_brain_watcher_v1.plist		
jp.openclaw.ops_exec_watchdog_v1	/Users/doyopc/Library/LaunchAgents/jp.openclaw.ops_exec_watchdog_v1.plist	/Users/doyopc/AI/openclaw-factory-daemon/data/skill_repos/agent-framework/python/.venv/bin/python|/Users/doyopc/AI/openclaw-factory-daemon/bots/ops_exec_watchdog_v1.py|/Users/doyopc/AI/openclaw-factory-daemon/logs/ops_exec_watchdog_v1.out|/Users/doyopc/AI/openclaw-factory-daemon/logs/ops_exec_watchdog_v1.err	1|1|1|1
jp.openclaw.ops_supply_engine	/Users/doyopc/Library/LaunchAgents/jp.openclaw.ops_supply_engine.plist	/Users/doyopc/AI/openclaw-factory-daemon/scripts/run_ops_supply_engine.sh|/Users/doyopc/AI/openclaw-factory-daemon/logs/ops_supply_engine.launchd.out|/Users/doyopc/AI/openclaw-factory-daemon/logs/ops_supply_engine.launchd.err	0|0|0
jp.openclaw.order_api_v1	/Users/doyopc/Library/LaunchAgents/jp.openclaw.order_api_v1.plist	/Users/doyopc/AI/openclaw-factory-daemon/scripts/generated/run_order_api_v1.sh|/Users/doyopc/AI/openclaw-factory-daemon/logs/order_api_v1.out|/Users/doyopc/AI/openclaw-factory-daemon/logs/order_api_v1.err	1|1|1
jp.openclaw.parse_dev_reply_v1	/Users/doyopc/Library/LaunchAgents/jp.openclaw.parse_dev_reply_v1.plist	/Users/doyopc/AI/openclaw-factory-daemon/scripts/run_parse_dev_reply_v1.sh|/Users/doyopc/AI/openclaw-factory-daemon/logs/parse_dev_reply_v1.launchd.out|/Users/doyopc/AI/openclaw-factory-daemon/logs/parse_dev_reply_v1.launchd.err	0|0|0
jp.openclaw.pattern_extractor_v1	/Users/doyopc/Library/LaunchAgents/jp.openclaw.pattern_extractor_v1.plist	/Users/doyopc/AI/openclaw-factory-daemon/scripts/run_pattern_extractor_v1.sh|/Users/doyopc/AI/openclaw-factory-daemon/logs/jp.openclaw.pattern_extractor_v1.launchd.err|/Users/doyopc/AI/openclaw-factory-daemon/logs/jp.openclaw.pattern_extractor_v1.launchd.out	0|1|1
jp.openclaw.pr_stall_watchdog_v1	/Users/doyopc/Library/LaunchAgents/jp.openclaw.pr_stall_watchdog_v1.plist	/Users/doyopc/AI/openclaw-factory-daemon/scripts/run_pr_stall_watchdog_v1.sh|/Users/doyopc/AI/openclaw-factory-daemon/logs/jp.openclaw.pr_stall_watchdog_v1.err|/Users/doyopc/AI/openclaw-factory-daemon/logs/jp.openclaw.pr_stall_watchdog_v1.out	0|1|1
jp.openclaw.private_reply_to_inbox_v1	/Users/doyopc/Library/LaunchAgents/jp.openclaw.private_reply_to_inbox_v1.plist	/Users/doyopc/AI/openclaw-factory-daemon/scripts/run_private_reply_to_inbox_v1.sh|/Users/doyopc/AI/openclaw-factory-daemon/logs/jp.openclaw.private_reply_to_inbox_v1.launchd.out|/Users/doyopc/AI/openclaw-factory-daemon/logs/jp.openclaw.private_reply_to_inbox_v1.launchd.err	1|1|1
jp.openclaw.project_brain_v4	/Users/doyopc/Library/LaunchAgents/jp.openclaw.project_brain_v4.plist	/Users/doyopc/AI/openclaw-factory-daemon/scripts/run_project_brain_v4.sh|/Users/doyopc/AI/openclaw-factory-daemon/logs/project_brain_v4.launchd.out|/Users/doyopc/AI/openclaw-factory-daemon/logs/project_brain_v4.launchd.err	0|0|0
jp.openclaw.project_runner_v1	/Users/doyopc/Library/LaunchAgents/jp.openclaw.project_runner_v1.plist	/Users/doyopc/AI/openclaw-factory-daemon/bots/project_runner_v1.py	0
jp.openclaw.proposal_builder_loop_v1	/Users/doyopc/Library/LaunchAgents/jp.openclaw.proposal_builder_loop_v1.plist	/Users/doyopc/AI/openclaw-factory-daemon/scripts/run_proposal_builder_loop_v1.sh|/Users/doyopc/AI/openclaw-factory-daemon/logs/proposal_builder_loop_v1.launchd.out|/Users/doyopc/AI/openclaw-factory-daemon/logs/proposal_builder_loop_v1.launchd.err	0|1|1
jp.openclaw.proposal_cluster_v1	/Users/doyopc/Library/LaunchAgents/jp.openclaw.proposal_cluster_v1.plist	/Users/doyopc/AI/openclaw-factory-daemon/scripts/run_proposal_cluster_v1.sh|/Users/doyopc/AI/openclaw-factory-daemon/logs/jp.openclaw.proposal_cluster_v1.launchd.err|/Users/doyopc/AI/openclaw-factory-daemon/logs/jp.openclaw.proposal_cluster_v1.launchd.out	0|1|1
jp.openclaw.proposal_dedupe_v1	/Users/doyopc/Library/LaunchAgents/jp.openclaw.proposal_dedupe_v1.plist	/Users/doyopc/AI/openclaw-factory-daemon/scripts/run_proposal_dedupe_v1.sh|/Users/doyopc/AI/openclaw-factory-daemon/logs/proposal_dedupe_v1.out|/Users/doyopc/AI/openclaw-factory-daemon/logs/proposal_dedupe_v1.err	0|1|1
jp.openclaw.proposal_promoter_v1	/Users/doyopc/Library/LaunchAgents/jp.openclaw.proposal_promoter_v1.plist	/Users/doyopc/AI/openclaw-factory-daemon/scripts/run_proposal_promoter_v1.sh|/Users/doyopc/AI/openclaw-factory-daemon/logs/proposal_promoter_v1.err|/Users/doyopc/AI/openclaw-factory-daemon/logs/proposal_promoter_v1.out	0|1|1
jp.openclaw.proposal_ranking_v1	/Users/doyopc/Library/LaunchAgents/jp.openclaw.proposal_ranking_v1.plist	/Users/doyopc/AI/openclaw-factory-daemon/scripts/run_proposal_ranking_v1.sh|/Users/doyopc/AI/openclaw-factory-daemon/logs/jp.openclaw.proposal_ranking_v1.launchd.err|/Users/doyopc/AI/openclaw-factory-daemon/logs/jp.openclaw.proposal_ranking_v1.launchd.out	0|1|1
jp.openclaw.proposal_throttle_engine_v1	/Users/doyopc/Library/LaunchAgents/jp.openclaw.proposal_throttle_engine_v1.plist	/Users/doyopc/AI/openclaw-factory-daemon/scripts/run_proposal_throttle_engine_v1.sh|/Users/doyopc/AI/openclaw-factory-daemon/logs/proposal_throttle_engine_v1.err|/Users/doyopc/AI/openclaw-factory-daemon/logs/proposal_throttle_engine_v1.out	0|1|1
jp.openclaw.py	/Users/doyopc/Library/LaunchAgents/jp.openclaw.py.plist	/Users/doyopc/AI/openclaw-factory-daemon/scripts/run_py.sh|/Users/doyopc/AI/openclaw-factory-daemon/logs/py.launchd.out|/Users/doyopc/AI/openclaw-factory-daemon/logs/py.launchd.err	1|0|0
jp.openclaw.reasoning_engine_v1	/Users/doyopc/Library/LaunchAgents/jp.openclaw.reasoning_engine_v1.plist	/Users/doyopc/AI/openclaw-factory-daemon/bots/reasoning_engine_v1.py|/Users/doyopc/AI/openclaw-factory-daemon/logs/reasoning_engine_v1.out|/Users/doyopc/AI/openclaw-factory-daemon/logs/reasoning_engine_v1.err	0|1|1
jp.openclaw.reflection_v1	/Users/doyopc/Library/LaunchAgents/jp.openclaw.reflection_v1.plist	/Users/doyopc/AI/openclaw-factory-daemon/scripts/run_reflection_v1.sh|/Users/doyopc/AI/openclaw-factory-daemon/logs/reflection_v1.launchd.out|/Users/doyopc/AI/openclaw-factory-daemon/logs/reflection_v1.launchd.err	0|1|1
jp.openclaw.reflection_worker_v1	/Users/doyopc/Library/LaunchAgents/jp.openclaw.reflection_worker_v1.plist	/Users/doyopc/AI/openclaw-factory-daemon/scripts/run_reflection_worker_v1.sh|/Users/doyopc/AI/openclaw-factory-daemon/logs/reflection_worker_v1.launchd.out|/Users/doyopc/AI/openclaw-factory-daemon/logs/reflection_worker_v1.launchd.err	0|1|1
jp.openclaw.repo_exec_category_feedback_v1	/Users/doyopc/Library/LaunchAgents/jp.openclaw.repo_exec_category_feedback_v1.plist	/Users/doyopc/AI/openclaw-factory-daemon/bots/repo_exec_category_feedback_v1.py|/Users/doyopc/AI/openclaw-factory-daemon/logs/repo_exec_category_feedback_v1.out|/Users/doyopc/AI/openclaw-factory-daemon/logs/repo_exec_category_feedback_v1.err	0|1|1
jp.openclaw.repo_exec_feedback_v1	/Users/doyopc/Library/LaunchAgents/jp.openclaw.repo_exec_feedback_v1.plist	/Users/doyopc/AI/openclaw-factory-daemon/bots/repo_exec_feedback_v1.py|/Users/doyopc/AI/openclaw-factory-daemon/logs/repo_exec_feedback_v1.out|/Users/doyopc/AI/openclaw-factory-daemon/logs/repo_exec_feedback_v1.err	0|1|1
jp.openclaw.repo_exec_live_feedback_v1	/Users/doyopc/Library/LaunchAgents/jp.openclaw.repo_exec_live_feedback_v1.plist	/Users/doyopc/AI/openclaw-factory-daemon/bots/repo_exec_live_feedback_v1.py|/Users/doyopc/AI/openclaw-factory-daemon/logs/repo_exec_live_feedback_v1.out|/Users/doyopc/AI/openclaw-factory-daemon/logs/repo_exec_live_feedback_v1.err	0|1|1
jp.openclaw.repo_exec_optimizer_v1	/Users/doyopc/Library/LaunchAgents/jp.openclaw.repo_exec_optimizer_v1.plist	/Users/doyopc/AI/openclaw-factory-daemon/bots/repo_exec_optimizer_v1.py|/Users/doyopc/AI/openclaw-factory-daemon/logs/repo_exec_optimizer_v1.out|/Users/doyopc/AI/openclaw-factory-daemon/logs/repo_exec_optimizer_v1.err	0|1|1
jp.openclaw.repo_exec_retry_feedback_v1	/Users/doyopc/Library/LaunchAgents/jp.openclaw.repo_exec_retry_feedback_v1.plist	/Users/doyopc/AI/openclaw-factory-daemon/bots/repo_exec_retry_feedback_v1.py|/Users/doyopc/AI/openclaw-factory-daemon/logs/repo_exec_retry_feedback_v1.out|/Users/doyopc/AI/openclaw-factory-daemon/logs/repo_exec_retry_feedback_v1.err	0|1|1
jp.openclaw.repo_exec_retry_router_v1	/Users/doyopc/Library/LaunchAgents/jp.openclaw.repo_exec_retry_router_v1.plist	/Users/doyopc/AI/openclaw-factory-daemon/bots/repo_exec_retry_router_v1.py|/Users/doyopc/AI/openclaw-factory-daemon/logs/repo_exec_retry_router_v1.out|/Users/doyopc/AI/openclaw-factory-daemon/logs/repo_exec_retry_router_v1.err	0|1|1
jp.openclaw.repo_exec_router_v1	/Users/doyopc/Library/LaunchAgents/jp.openclaw.repo_exec_router_v1.plist	/Users/doyopc/AI/openclaw-factory-daemon/bots/repo_exec_router_v1.py|/Users/doyopc/AI/openclaw-factory-daemon/logs/repo_exec_router_v1.out|/Users/doyopc/AI/openclaw-factory-daemon/logs/repo_exec_router_v1.err	0|1|1
jp.openclaw.revenue_brain_v1	/Users/doyopc/Library/LaunchAgents/jp.openclaw.revenue_brain_v1.plist	/Users/doyopc/AI/openclaw-factory-daemon/scripts/run_revenue_brain_v1.sh	0
jp.openclaw.revenue_engine	/Users/doyopc/Library/LaunchAgents/jp.openclaw.revenue_engine.plist	/Users/doyopc/AI/openclaw-factory-daemon/scripts/run_revenue_engine.sh|/Users/doyopc/AI/openclaw-factory-daemon/logs/revenue_engine.launchd.out|/Users/doyopc/AI/openclaw-factory-daemon/logs/revenue_engine.launchd.err	0|0|0
jp.openclaw.router_reply_finisher_v1	/Users/doyopc/Library/LaunchAgents/jp.openclaw.router_reply_finisher_v1.plist	/Users/doyopc/AI/openclaw-factory-daemon/scripts/run_router_reply_finisher_v1.sh|/Users/doyopc/AI/openclaw-factory-daemon/logs/router_reply_finisher_v1.launchd.out|/Users/doyopc/AI/openclaw-factory-daemon/logs/router_reply_finisher_v1.launchd.err	1|1|1
jp.openclaw.router_stall_watchdog_v1	/Users/doyopc/Library/LaunchAgents/jp.openclaw.router_stall_watchdog_v1.plist	/Users/doyopc/AI/openclaw-factory-daemon/scripts/run_router_stall_watchdog_v1.sh|/Users/doyopc/AI/openclaw-factory-daemon/logs/jp.openclaw.router_stall_watchdog_v1.out|/Users/doyopc/AI/openclaw-factory-daemon/logs/jp.openclaw.router_stall_watchdog_v1.err	0|1|1
jp.openclaw.router_timeout_fallback_v1	/Users/doyopc/Library/LaunchAgents/jp.openclaw.router_timeout_fallback_v1.plist	/Users/doyopc/AI/openclaw-factory-daemon/scripts/run_router_timeout_fallback_v1.sh|/Users/doyopc/AI/openclaw-factory-daemon/logs/jp.openclaw.router_timeout_fallback_v1.out|/Users/doyopc/AI/openclaw-factory-daemon/logs/jp.openclaw.router_timeout_fallback_v1.err	0|1|1
jp.openclaw.router_timeout_watchdog_v1	/Users/doyopc/Library/LaunchAgents/jp.openclaw.router_timeout_watchdog_v1.plist	/Users/doyopc/AI/openclaw-factory-daemon/logs/router_timeout_watchdog_v1.launchd.out|/Users/doyopc/AI/openclaw-factory-daemon/logs/router_timeout_watchdog_v1.launchd.err	1|1
jp.openclaw.schema_guardian_v1	/Users/doyopc/Library/LaunchAgents/jp.openclaw.schema_guardian_v1.plist	/Users/doyopc/AI/openclaw-factory-daemon/scripts/run_schema_guardian_v1.sh|/Users/doyopc/AI/openclaw-factory-daemon/logs/schema_guardian_v1.launchd.out|/Users/doyopc/AI/openclaw-factory-daemon/logs/schema_guardian_v1.launchd.err	0|0|0
jp.openclaw.schema_migration_engine_v1	/Users/doyopc/Library/LaunchAgents/jp.openclaw.schema_migration_engine_v1.plist	/Users/doyopc/AI/openclaw-factory-daemon/scripts/run_schema_migration_engine_v1.sh|/Users/doyopc/AI/openclaw-factory-daemon/logs/schema_migration_engine_v1.launchd.out|/Users/doyopc/AI/openclaw-factory-daemon/logs/schema_migration_engine_v1.launchd.err	0|0|0
jp.openclaw.scout_market_v2	/Users/doyopc/Library/LaunchAgents/jp.openclaw.scout_market_v2.plist	/Users/doyopc/AI/openclaw-factory-daemon/scripts/run_scout_market_v2.sh|/Users/doyopc/AI/openclaw-factory-daemon/logs/scout_market_v2.launchd.out|/Users/doyopc/AI/openclaw-factory-daemon/logs/scout_market_v2.launchd.err	0|1|1
jp.openclaw.secretary_llm_v1	/Users/doyopc/Library/LaunchAgents/jp.openclaw.secretary_llm_v1.plist	/Users/doyopc/AI/openclaw-factory-daemon/logs/secretary_llm_v1.launchd.out|/Users/doyopc/AI/openclaw-factory-daemon/logs/secretary_llm_v1.launchd.err	1|1
jp.openclaw.self_evolution_applier_v1	/Users/doyopc/Library/LaunchAgents/jp.openclaw.self_evolution_applier_v1.plist	/Users/doyopc/AI/openclaw-factory-daemon/bots/self_evolution_applier_v1.py|/Users/doyopc/AI/openclaw-factory-daemon/logs/self_evolution_applier_v1.out|/Users/doyopc/AI/openclaw-factory-daemon/logs/self_evolution_applier_v1.err	0|1|1
jp.openclaw.self_evolution_exec_router_v1	/Users/doyopc/Library/LaunchAgents/jp.openclaw.self_evolution_exec_router_v1.plist	/Users/doyopc/AI/openclaw-factory-daemon/bots/self_evolution_exec_router_v1.py|/Users/doyopc/AI/openclaw-factory-daemon/logs/self_evolution_exec_router_v1.out|/Users/doyopc/AI/openclaw-factory-daemon/logs/self_evolution_exec_router_v1.err	0|1|1
jp.openclaw.self_evolution_planner_v1	/Users/doyopc/Library/LaunchAgents/jp.openclaw.self_evolution_planner_v1.plist	/Users/doyopc/AI/openclaw-factory-daemon/bots/self_evolution_planner_v1.py|/Users/doyopc/AI/openclaw-factory-daemon/logs/self_evolution_planner_v1.out|/Users/doyopc/AI/openclaw-factory-daemon/logs/self_evolution_planner_v1.err	0|1|1
jp.openclaw.self_evolution_reporter_loop_v1	/Users/doyopc/Library/LaunchAgents/jp.openclaw.self_evolution_reporter_loop_v1.plist	/Users/doyopc/AI/openclaw-factory-daemon/bots/self_evolution_reporter_loop_v1.py|/Users/doyopc/AI/openclaw-factory-daemon/logs/self_evolution_reporter_loop_v1.out|/Users/doyopc/AI/openclaw-factory-daemon/logs/self_evolution_reporter_loop_v1.err	0|1|1
jp.openclaw.self_healing_v1	/Users/doyopc/Library/LaunchAgents/jp.openclaw.self_healing_v1.plist	/Users/doyopc/AI/openclaw-factory-daemon/logs/self_healing_v1.launchd.out|/Users/doyopc/AI/openclaw-factory-daemon/logs/self_healing_v1.launchd.err	0|0
jp.openclaw.self_healing_v2	/Users/doyopc/Library/LaunchAgents/jp.openclaw.self_healing_v2.plist	/Users/doyopc/AI/openclaw-factory-daemon/logs/self_healing_v2.launchd.err|/Users/doyopc/AI/openclaw-factory-daemon/logs/self_healing_v2.launchd.out	0|0
jp.openclaw.self_improvement_feedback_metrics_v1	/Users/doyopc/Library/LaunchAgents/jp.openclaw.self_improvement_feedback_metrics_v1.plist	/Users/doyopc/AI/openclaw-factory-daemon/scripts/run_self_improvement_feedback_metrics_v1.sh|/Users/doyopc/AI/openclaw-factory-daemon/logs/self_improvement_feedback_metrics_v1.out|/Users/doyopc/AI/openclaw-factory-daemon/logs/self_improvement_feedback_metrics_v1.err	1|1|1
jp.openclaw.self_improvement_pattern_bridge_v1	/Users/doyopc/Library/LaunchAgents/jp.openclaw.self_improvement_pattern_bridge_v1.plist	/Users/doyopc/AI/openclaw-factory-daemon/scripts/run_self_improvement_pattern_bridge_v1.sh|/Users/doyopc/AI/openclaw-factory-daemon/logs/self_improvement_pattern_bridge_v1.out|/Users/doyopc/AI/openclaw-factory-daemon/logs/self_improvement_pattern_bridge_v1.err	1|1|1
jp.openclaw.self_improvement_to_learning_v1	/Users/doyopc/Library/LaunchAgents/jp.openclaw.self_improvement_to_learning_v1.plist	/Users/doyopc/AI/openclaw-factory-daemon/scripts/run_self_improvement_to_learning_v1.sh|/Users/doyopc/AI/openclaw-factory-daemon/logs/self_improvement_to_learning_v1.out|/Users/doyopc/AI/openclaw-factory-daemon/logs/self_improvement_to_learning_v1.err	1|1|1
jp.openclaw.self_repair_engine	/Users/doyopc/Library/LaunchAgents/jp.openclaw.self_repair_engine.plist	/Users/doyopc/AI/openclaw-factory-daemon/scripts/run_self_repair_engine.sh|/Users/doyopc/AI/openclaw-factory-daemon/logs/self_repair_engine.launchd.out|/Users/doyopc/AI/openclaw-factory-daemon/logs/self_repair_engine.launchd.err	0|0|0
jp.openclaw.self_strength_watchdog_v1	/Users/doyopc/Library/LaunchAgents/jp.openclaw.self_strength_watchdog_v1.plist	/Users/doyopc/AI/openclaw-factory-daemon/scripts/run_self_strength_watchdog_v1.sh|/Users/doyopc/AI/openclaw-factory-daemon/logs/self_strength_watchdog_v1.out|/Users/doyopc/AI/openclaw-factory-daemon/logs/self_strength_watchdog_v1.err	0|1|1
jp.openclaw.spec_decomposer_v1	/Users/doyopc/Library/LaunchAgents/jp.openclaw.spec_decomposer_v1.plist	/Users/doyopc/AI/openclaw-factory-daemon/scripts/run_spec_decomposer_v1.sh|/Users/doyopc/AI/openclaw-factory-daemon/logs/spec_decomposer_v1.err|/Users/doyopc/AI/openclaw-factory-daemon/logs/spec_decomposer_v1.out	0|1|1
jp.openclaw.spec_notify_v1	/Users/doyopc/Library/LaunchAgents/jp.openclaw.spec_notify_v1.plist	/Users/doyopc/AI/openclaw-factory-daemon/scripts/run_spec_notify_v1.sh|/Users/doyopc/AI/openclaw-factory-daemon/logs/spec_notify_v1.launchd.out|/Users/doyopc/AI/openclaw-factory-daemon/logs/spec_notify_v1.launchd.err	0|0|0
jp.openclaw.spec_refiner_v2	/Users/doyopc/Library/LaunchAgents/jp.openclaw.spec_refiner_v2.plist	/Users/doyopc/AI/openclaw-factory-daemon/scripts/run_spec_refiner_v2.sh|/Users/doyopc/AI/openclaw-factory-daemon/logs/spec_refiner_v2.launchd.out|/Users/doyopc/AI/openclaw-factory-daemon/logs/spec_refiner_v2.launchd.err	0|1|1
jp.openclaw.strategy_engine_v1	/Users/doyopc/Library/LaunchAgents/jp.openclaw.strategy_engine_v1.plist	/Users/doyopc/AI/openclaw-factory-daemon/bots/strategy_engine_v1.py|/Users/doyopc/AI/openclaw-factory-daemon/logs/strategy_engine_v1.out|/Users/doyopc/AI/openclaw-factory-daemon/logs/strategy_engine_v1.err	0|1|1
jp.openclaw.supply_adoption_metrics_v1	/Users/doyopc/Library/LaunchAgents/jp.openclaw.supply_adoption_metrics_v1.plist	/Users/doyopc/AI/openclaw-factory-daemon/scripts/run_supply_adoption_metrics_v1.sh|/Users/doyopc/AI/openclaw-factory-daemon/logs/supply_adoption_metrics_v1.launchd.out|/Users/doyopc/AI/openclaw-factory-daemon/logs/supply_adoption_metrics_v1.launchd.err	0|0|0
jp.openclaw.supply_bias_updater_v1	/Users/doyopc/Library/LaunchAgents/jp.openclaw.supply_bias_updater_v1.plist	/Users/doyopc/AI/openclaw-factory-daemon/scripts/run_supply_bias_updater_v1.sh|/Users/doyopc/AI/openclaw-factory-daemon/logs/jp.openclaw.supply_bias_updater_v1.launchd.err|/Users/doyopc/AI/openclaw-factory-daemon/logs/jp.openclaw.supply_bias_updater_v1.launchd.out	0|1|1
jp.openclaw.system_health_report_v1	/Users/doyopc/Library/LaunchAgents/jp.openclaw.system_health_report_v1.plist	/Users/doyopc/AI/openclaw-factory-daemon/bots/system_health_report_v1.py|/Users/doyopc/AI/openclaw-factory-daemon/logs/system_health_report_v1.out|/Users/doyopc/AI/openclaw-factory-daemon/logs/system_health_report_v1.err	1|1|1
jp.openclaw.target_policy_guard_v1	/Users/doyopc/Library/LaunchAgents/jp.openclaw.target_policy_guard_v1.plist	/Users/doyopc/AI/openclaw-factory-daemon/scripts/run_target_policy_guard_v1.sh|/Users/doyopc/AI/openclaw-factory-daemon/logs/target_policy_guard_v1.launchd.out|/Users/doyopc/AI/openclaw-factory-daemon/logs/target_policy_guard_v1.launchd.err	0|1|1
jp.openclaw.task_router_v1	/Users/doyopc/Library/LaunchAgents/jp.openclaw.task_router_v1.plist	/Users/doyopc/AI/openclaw-factory-daemon/logs/task_router_v1.launchd.out|/Users/doyopc/AI/openclaw-factory-daemon/logs/task_router_v1.launchd.err	1|1
jp.openclaw.tech_adoption_scout_v1	/Users/doyopc/Library/LaunchAgents/jp.openclaw.tech_adoption_scout_v1.plist	/Users/doyopc/AI/openclaw-factory-daemon/bots/tech_adoption_scout_v1.py	1
jp.openclaw.telegram_ops_executor_v1	/Users/doyopc/Library/LaunchAgents/jp.openclaw.telegram_ops_executor_v1.plist	/Users/doyopc/AI/openclaw-factory-daemon/bots/telegram_ops_executor_v1.py	1
jp.openclaw.telegram_os_creative_pipeline_v1	/Users/doyopc/Library/LaunchAgents/jp.openclaw.telegram_os_creative_pipeline_v1.plist	/Users/doyopc/AI/openclaw-factory-daemon/scripts/run_telegram_os_creative_pipeline_v1.sh|/Users/doyopc/AI/openclaw-factory-daemon/logs/telegram_os_creative_pipeline_v1.out|/Users/doyopc/AI/openclaw-factory-daemon/logs/telegram_os_creative_pipeline_v1.err	1|1|1
jp.openclaw.telegram_os_outbox_sender_v1	/Users/doyopc/Library/LaunchAgents/jp.openclaw.telegram_os_outbox_sender_v1.plist	/Users/doyopc/AI/openclaw-factory-daemon/scripts/run_conversation_outbox_sender_v1.sh|/Users/doyopc/AI/openclaw-factory-daemon/logs/telegram_os_outbox_sender_v1.out|/Users/doyopc/AI/openclaw-factory-daemon/logs/telegram_os_outbox_sender_v1.err	1|1|1
jp.openclaw.telegram_report_v1	/Users/doyopc/Library/LaunchAgents/jp.openclaw.telegram_report_v1.plist	/Users/doyopc/AI/openclaw-factory-daemon/scripts/generated/run_telegram_report_v1.sh|/Users/doyopc/AI/openclaw-factory-daemon/logs/telegram_report_v1.out|/Users/doyopc/AI/openclaw-factory-daemon/logs/telegram_report_v1.err	1|1|1
jp.openclaw.tg_poll_loop	/Users/doyopc/Library/LaunchAgents/jp.openclaw.tg_poll_loop.plist	/Users/doyopc/AI/openclaw-factory-daemon/scripts/tg_poll_loop.sh|/Users/doyopc/AI/openclaw-factory-daemon/logs/tg_poll_loop.launchd.err|/Users/doyopc/AI/openclaw-factory-daemon/logs/tg_poll_loop.launchd.out	1|1|1
jp.openclaw.tg_poll_loop_v2	/Users/doyopc/Library/LaunchAgents/jp.openclaw.tg_poll_loop_v2.plist	/Users/doyopc/AI/openclaw-factory-daemon/scripts/run_tg_poll_loop_v2.sh|/Users/doyopc/AI/openclaw-factory-daemon/logs/tg_poll_loop_v2.launchd.out|/Users/doyopc/AI/openclaw-factory-daemon/logs/tg_poll_loop_v2.launchd.err	0|0|0
jp.openclaw.tg_send_reflection_v1	/Users/doyopc/Library/LaunchAgents/jp.openclaw.tg_send_reflection_v1.plist	/Users/doyopc/AI/openclaw-factory-daemon/scripts/run_tg_send_reflection_v1.sh|/Users/doyopc/AI/openclaw-factory-daemon/logs/tg_send_reflection_v1.launchd.out|/Users/doyopc/AI/openclaw-factory-daemon/logs/tg_send_reflection_v1.launchd.err	0|1|1
jp.openclaw.tmp_exec_html_builder_v1	/Users/doyopc/Library/LaunchAgents/jp.openclaw.tmp_exec_html_builder_v1.plist	/Users/doyopc/AI/openclaw-factory-daemon/bots/tmp_exec_html_builder_v1.py|/Users/doyopc/AI/openclaw-factory-daemon/logs/tmp_exec_html_builder_v1.out|/Users/doyopc/AI/openclaw-factory-daemon/logs/tmp_exec_html_builder_v1.err	0|1|1
jp.openclaw.update_pr_created	/Users/doyopc/Library/LaunchAgents/jp.openclaw.update_pr_created.plist	/Users/doyopc/AI/openclaw-factory-daemon/scripts/run_update_pr_created.sh|/Users/doyopc/AI/openclaw-factory-daemon/logs/update_pr_created.launchd.out|/Users/doyopc/AI/openclaw-factory-daemon/logs/update_pr_created.launchd.err	0|1|1
jp.openclaw.validated_skill_reuse_router_v1	/Users/doyopc/Library/LaunchAgents/jp.openclaw.validated_skill_reuse_router_v1.plist	/Users/doyopc/AI/openclaw-factory-daemon/bots/validated_skill_reuse_router_v1.py|/Users/doyopc/AI/openclaw-factory-daemon/logs/validated_skill_reuse_router_v1.out|/Users/doyopc/AI/openclaw-factory-daemon/logs/validated_skill_reuse_router_v1.err	0|1|1
jp.openclaw.watchdog_v1	/Users/doyopc/Library/LaunchAgents/jp.openclaw.watchdog_v1.plist	/Users/doyopc/AI/openclaw-factory-daemon/scripts/run_watchdog_v1.sh|/Users/doyopc/AI/openclaw-factory-daemon/logs/watchdog_v1.launchd.out|/Users/doyopc/AI/openclaw-factory-daemon/logs/watchdog_v1.launchd.err	0|0|0
jp.openclaw.winner_exec_bridge_v1	/Users/doyopc/Library/LaunchAgents/jp.openclaw.winner_exec_bridge_v1.plist	/Users/doyopc/AI/openclaw-factory-daemon/scripts/generated/run_winner_exec_bridge_v1.sh|/Users/doyopc/AI/openclaw-factory-daemon/logs/winner_exec_bridge_v1.out|/Users/doyopc/AI/openclaw-factory-daemon/logs/winner_exec_bridge_v1.err	1|1|1
jp.openclaw.winner_learning_log_v1	/Users/doyopc/Library/LaunchAgents/jp.openclaw.winner_learning_log_v1.plist	/Users/doyopc/AI/openclaw-factory-daemon/scripts/generated/run_winner_learning_log_v1.sh|/Users/doyopc/AI/openclaw-factory-daemon/logs/winner_learning_log_v1.out|/Users/doyopc/AI/openclaw-factory-daemon/logs/winner_learning_log_v1.err	1|1|1
jp.openclaw.winner_loop_v1	/Users/doyopc/Library/LaunchAgents/jp.openclaw.winner_loop_v1.plist	/Users/doyopc/AI/openclaw-factory-daemon/scripts/generated/run_winner_loop_v1.sh|/Users/doyopc/AI/openclaw-factory-daemon/logs/winner_loop_v1.out|/Users/doyopc/AI/openclaw-factory-daemon/logs/winner_loop_v1.err	1|1|1
jp.openclaw.winner_rejudge_v1	/Users/doyopc/Library/LaunchAgents/jp.openclaw.winner_rejudge_v1.plist	/Users/doyopc/AI/openclaw-factory-daemon/scripts/generated/run_winner_rejudge_v1.sh|/Users/doyopc/AI/openclaw-factory-daemon/logs/winner_rejudge_v1.out|/Users/doyopc/AI/openclaw-factory-daemon/logs/winner_rejudge_v1.err	1|1|1